,answer_id,content,created_time
0,933427252,,
1,151125825,,
2,304311234,,
3,938653871,,
4,697652494,,
5,715160502,,
6,261429989,,
7,377481688,,
8,940073138,,
9,833202475,,
10,151488661,,
11,459142822,,
12,151576209,,
13,678111762,,
14,341169093,,
15,151168103,,
16,52990103,,
17,865327770,,
18,378481974,,
19,151638307,,
20,721788128,,
21,151538990,,
22,967190936,,
23,151468256,,
24,129425853,,
25,151596557,,
26,462027286,,
27,1034559522,,
28,609715979,,
29,631594423,,
30,938323602,,
31,938948832,,
32,85155421,,
33,1077659831,,
34,939302626,,
35,854451427,,
36,938279081,,
37,52255048,,
38,535408990,,
39,151544470,,
40,385819958,,
41,151190358,,
42,939303265,,
43,69300891,,
44,938877173,,
